Oxide,XRF_oxide_percent_dry
Fe2O3,24.36215
MgO,24.90135
SO3,31.73942
SiO2,3.235215
Na2O,13.41879
MnO,0.465675
CaO,0.061273
NiO,1.779363
