Element,XRF_wt_percent_dry
Fe,24.36215
Mg,24.90135
Si,3.235215
S,31.73942
Ca,0.061273
Na,13.41879
Mn,0.465675
Cr,0.0
Ni,1.779363
